SelectionTitle,YesDescription,YesResult,YesResource,YesFood,YesFans,YesTurnResource,YesTurnFood,NoDescription,NoResult,NoResource,NoFood,NoFans,NoTurnResource,NoTurnFood
"쉘터가 발전하면서 자원 보관소의 증설의 필요성이 대두되고 있습니다.","새로운 자원 보관소를 증설한다.","자원 -100, 민심 +5",-100,0,5,0,0,"자원 보관소의 증설을 거부한다","자원 +100, 민심 -5",100,0,-5,0,0
"인부들이 더 나은 작업 도구 보급을 요청했습니다.","새로운 작업 도구를 보급한다.","자원 -100, 민심 +5",-100,0,5,0,0,"기존의 도구를 사용하도록 한다.","자원 +100, 민심 -5",100,0,-5,0,0
"식량 창고 외부벽에 균열을 발견하였습니다.","창고의 수리를 진행한다.","자원 -100, 식량+100",-100,100,0,0,0,"창고의 수리를 미룬다.","자원 +100, 식량 -100",100,-100,0,0,0
"정찰대가 새로운 지역으로의 탐사를 제안하였습니다.","새로운 지역으로 탐사를 진행한다.","자원 +200",200,0,0,0,0,"주변 지역의 탐사만 진행한다.","식량 +200",0,200,0,0,0
"시민들이 식량 배급을 늘려달라고 요청하고 있습니다.","배급을 조정한다.","자원 -100, 민심 +5",-100,0,5,0,0,"조정은 불가능하다.","자원 +100, 민심 -5",100,0,-5,0,0
"정찰대가 폐건물을 발견하였습니다.","폐건물 수색을 지시한다.","자원 +100, 자원 -50",100,-50,0,0,0,"주변 지역의 탐사를 지시한다.","식량 +150",0,150,0,0,0
"식량 연구원들이 새로운 방식의 식량 생산 체계 연구 지원을 요청하였습니다.","새로운 연구를 지원한다.","자원-100, 식량+100, 턴당 식량+50",-100,100,0,50,0,"현재의 생산체계를 유지한다.","식량 +100, 민심-5",0,100,-5,0,0
"상인들이 거래를 제안했습니다.","식량을 자원으로.","식량 -100, 자원 +100",100,-100,0,0,0,"자원을 식량으로","식량 +100, 자원 -100", 100,-100,0,0,0
"상인들이 거래를 제안했습니다.","식량을 자원으로.","식량 -100, 자원 +100",100,-100,0,0,0,"자원을 식량으로","식량 +100, 자원 -100", 100,-100,0,0,0
"식량 관리 부서에서 온실 시설의 증설을 제안하였습니다.","온실의 증설 공사를 진행한다.","자원 -100, 턴당 획득 식량+50",0,-100,0,0,50,"증설보다는 기존 시설을 더 활용할 방안을 찾는다.","자원 +100, 식량 +100",100,100,0,0,0
"주민들이 거주 시설의 개선을 요구하고 있습니다.","거주 시설의 개선을 진행한다.","자원 -100, 민심+5",0,-100,5,0,0,"자원이 부족한 상황에서 개선은 아직 불필요하다.","자원 +100, 민심-5",100,0,-5,0,0
"기술자들이 낡은 난방 시스템의 개선을 제안하였습니다.","바로 교체를 진행한다.","자원 -100, 민심+5",-100,0,5,0,0,"교체를 미룬다.","자원 +!00, 민심-5", 100,0,-5,0,0
"식수 확보를 위해 정수시설을 확충해야합니다.","정수시설을 확충한다.","자원 -100 식량+100",-100,100,0,0,0,"정수시설 확충을 미룬다.","자원 +100, 민심 -5",100,0,-5,0,0
"정찰대가 석탄 매장지를 찾았습니다.","채굴팀을 보낸다.","자원 +150, 턴당 자원+50",150,0,0,50,0,"다른 장소로 탐색을 지시한다.","식량 +200",0,200,0,0,0
"정찰대가 새로운 정찰 거점 확보를 위한 지원을 요청했습니다.","새로운 정찰 거점 확보를 지원한다.","자원 -150, 식량+100",150,100,0,0,0,"기존의 정찰 거점을 활용하도록 지시한다.","자원- 50, 식량+50, 민심 -5",-50,50,-5,0,0
"의료 부서에서 더 많은 의료품 확보를 위한 탐색을 요구하였습니다.","탐색 부서에 의료품 확보 목적의 탐색을 지시한다.","민심+10",0,0,10,0,0,"식량과 자원의 확보를 우선으로 한다.","식량 +100, 자원 +100 민심-10", 100,100,-10,0,0
"주민들이 주점을 비롯한 오락 시설의 건설을 요청하고 있습니다.","주점을 비롯한 오락시설의 건설을 진행한다.","자원 -100, 식량 -100, 민심 +10",-100,-100,10,0,0,"주민들의 요청을 거부한다.","자원+100, 민심-10",100,0,-10,0,0
"정찰대가 주변 지역에서 야생동물 무리를 발견했습니다.","야생 동물 사냥을 지시한다.","식량+150",0,150,0,0,0,"주변지역의 탐색을 지시한다.","자원+150",150,0,0,0,0
"기술자들이 효율적인 자원 활용을 위해 연구 지원을 요청하였습니다.","기술자들의 연구를 지원한다.","자원 -100, 턴당 자원+50",-100,0,0,50,0,"요청을 거부한다","아무런 사건없이 무탈한 시간이 지나갔다.",0,0,0,0,0
"자원 관리 부서에서 탐색팀을 통한 주변 지역 벌목을 제안하였습니다.","주변 지역 벌목을 지시한다.","자원 +200, 식량-100",200,-100,0,0,0,"주변 지역 탐색을 지시한다.", "자원 +100, 식량+100", 100,100,0,0,0
"인부들이 작업 환경 개선을 요구하고 있습니다.","인부들의 요청을 수용한다.","자원 -100, 민심 +5", -100,0,5,0,0,"현재의 체계를 유지한다.","자원+100, 민심 -5",100,0,-5,0,0
"자원 관리 부서에서 초과 근무 체계 도입을 제안하였습니다.","초과 근무 체계를 도입한다.","민심- 20, 턴당 자원+100, 턴당 식량+100",0,0,-20,100,100,"현재의 체계를 유지한다.","자원+100, 식량+100, 민심+5",100,100,5,0,0
"현재 식량 배급에 차질이 생겼습니다.","식량에 톱밥을 섞는다.","식량+200, 민심 -10", 200,0,-10,0,0,"묽은 스프를 배식한다.","민심 -5, 턴당 식량+50",0,0,-5,0,50
"기술자들이 추가적인 전기 확보를 위한 방안을 제시하였습니다.","발전기 개선 연구를 지원한다.","자원 +100, 민심+5",100,0,5,0,0,"발전기 증설을 지시한다.","자원 -100, 민심 +10",-100,0,10,0,0
"주민들 사이에서 쉘터 내의 치안에 대한 불만이 생기고 있습니다.","치안 유지를 위한 경비대를 배치하도록 한다.","자원-100, 식량-100, 민심 +10",-100,-100,10,0,0,"상황을 지켜본다","민심 -10",0,0,-10,0,0