SelectionTitle,YesDescription,YesResult,YesResource,YesFood,YesFans,YesTurnResource,YesTurnFood,NoDescription,NoResult,NoResource,NoFood,NoFans,NoTurnResource,NoTurnFood
"주민들 사이에서 눈보라에 대한 흉흉한 소문이 돌고 있습니다.","소문을 무시한다.","자원-100, 식량 -100, 민심+10",-100,-100,10,0,0,"소문의 근원을 처벌한다.","자원 +100, 민심-10",100,0,-10,0,0
"상인들이 거래를 제안했습니다.","식량을 자원으로.","자원 +200, 식량 -200",200,-200,0,0,0,"자원을 식량으로","자원 -200,식량 200",-200,200,0,0,0
"상인들이 거래를 제안했습니다.","식량을 자원으로.","자원 +200, 식량 -200",200,-200,0,0,0,"자원을 식량으로","자원 -200,식량 200",-200,200,0,0,0
"기술자들이 눈보라를 대비하여 전체적인 기술 시스템의 개선과 발전기 증축을 주장하였습니다.","시스템 개선을 진행하도록 한다.","자원-200, 턴당 획득 자원+50",-200,0,0,50,0,"발전기를 증축하도록 한다.","자원-100, 식량-100,턴당 획득 자원+50",-100,-100,0,50,0
"노동력 부족으로 인하여 어린아이들도 현장에 투입시키자는 제안이 나왔습니다.","아이들도 현장에서 일을 시킨다.","민심-10,턴당 획득자원+50",0,0,-10,50,0,"아이들은 아이들답게 지내야한다..","자원-200, 식량-200, 민심+10",-200,-200,10,0,0
"초과 근무 체계로 인하여 인부들의 불만이 커지고 있습니다.","초과 근무 체계를 유지한다...","자원+200, 식량+200, 민심-10",200,200,-10,0,0,"초과 근무 체계를 철회한다...","자원-200, 식량-200, 민심+15",-200,-200,+15,0,0
"자원 채굴기가 고장났습니다","새로운 기계를 투입한다.","자원-200, 턴당 자원+50",-200,0,0,50,0,"수리 기간동안 인부를 추가 투입한다.","자원+200, 식량-100, 민심-5",200,-100,-5,0,0
"온실 시스템의 오류로 인하여 식량 생산 라인에 문제가 발생하였습니다.","해당 온실을 폐쇄한다.","자원+100, 턴당 식량 -50",100,0,0,0,-50,"온실 시스템 수리 기간 동안 인부를 추가 투입한다.","자원-100, 식량+100, 민심-5",-100,100,-5,0,0
"식량 저장고의 온도 유지 시스템이 고장이 나서 식량이 부패했습니다.","부폐한 식량을 전부 폐기한다.","식량 -200",0,-200,0,0,0,"부폐된 식량을 재활용한다.","식량+100, 민심-10",0,100,-10,0,0
"기술자들이 한파를 대비하여 난방 시스템의 점검을 제안하였습니다.","난방 시스템 점검을 진행한다.","자원 -100, 턴당 자원 +50",-100,0,0,50,0,"물자 확보에 집중한다.","자원+150, 식량+150",150,150,0,0,0
"식량 관리 부서에서 온실 시설의 증설을 제안하였습니다.","온실의 증설 공사를 진행한다.", "자원 -100, 턴당 획득 식량+50",-100,0,0,0,50,"증설보다는 기존 시설을 더 활용할 방안을 찾는다.","자원 +100, 식량 +100",100,100,0,0,0
"눈폭풍이 다가오기 전에 더 많은 탐사를 보내야한다는 제안이 들어왔습니다.","탐사 인원과 반경을 늘린다.","자원+200, 식량+200 민심-10",200,200,-10,0,0,"쉘터의 자원 확보 체계를 점검한다.","자원+100, 식량 +100",100,100,0,0,0
"채취한 자원을 운반하던 도중 사고가 발생하였습니다.","사고를 수습하고 자원 회수팀을 파견한다.","자원+200, 식량-100, 민심-5",200,100,-5,0,0,"자원을 포기하고, 다른 대책을 마련한다.","자원-100, 민심+10",-100,0,10,0,0
"식량 부서에서 식량 생산 증가를 위해 새로운 식량 생산 방식 연구를 제안합니다.","새로운 식량 생산 방식 연구를 지원한다.","자원-100, 식량-100, 턴당 자원+50",-100,-100,0,50,0,"현재의 식량 생산 과정에 집중한다.","식량+200",0,200,0,0,0
"눈폭풍 대비를 위해서 식량 소비를 줄일 방법을 찾아야합니다.","식량의 배급을 줄인다.","식량 +200, 민심-10",0,200,-10,0,0,"식량 생산라인을 늘린다.","자원-300, 턴당 식량+50",-300,0,0,0,50
"눈폭풍 대비를 위해서 자원 소비를 줄일 방법을 찾아야합니다.","난방시설과 발전기를 개선한다.","자원-300, 턴당 자원+50",-300,0,0,50,0,"자원 생산량을 증대시키도록 하자.","자원+200, 민심-10",200,0,-10,0,0
"현재 비축된 자원량이 계획보다 적습니다.","자원 생산 할당량를 달성할 때까지 근무를 연장시킨다.","자원+200, 민심 -10",200,0,-10,0,0,"추가적인 자원 채취 기계를 투입한다.","자원-200, 턴당 자원+50",-200,0,0,50,0
"식량 배급 과정에서 갈등이 발생했습니다.","현재의 식량 배급 체계를 유지한다.","자원+200, 민심 -10",200,0,-10,0,0,"당분간 식량 배급을 늘린다.","자원-200, 턴당 자원+50",-200,0,0,50,0
"자원 생산시설 과부화로 인해 생산이 중단될 위기입니다.","자원 생산을 위해 인부를 추가 투입한다.","식량 +200,민심 -10",200,0,-10,0,0,"안정화가 될 때까지 작업을 멈춘다.","식량 -200, 민심 +10",0,-200,10,0,0
"자원 채굴 현장에서 안전 사고가 발생하였습니다.","사고를 수습하고 금일 작업을 중단한다.","자원 +200,민심 -10",200,0,-10,0,0,"사고를 수습하되 작업을 강행한다.","자원-200, 민심 +10",-200,0,10,0,0
"기온이 계속해서 떨어짐에 따라 탐색범위가 줄어들고 있습니다.","일부 탐색팀 인원들의 업무를 자원 생산으로 변경한다.","자원 -100, 민심 -5",-100,0,-5,0,0,"일부 탐색팀 인원들의 업무를 식량 생산으로 변경한다.","자원+100, 민심 -10",100,0,-10,0,0
"식량 비축량이 예상보다 많습니다.","일부 식량을 추가 배급한다.","자원 +200",200,0,0,0,0,"비축량을 유지한다.","식량 +200",0,200,0,0,0
"자원 탐사대가 실종되었습니다.","수색대를 보낸다.","식량 -200,민심+5",0,-200,5,0,0,"수색을 포기한다.","식량 +100",0,100,0,0,0
"식량 창고에 도난 사건이 발생하였습니다.","보안을 강화하고 경비대를 배치한다.","자원-100, 식량 -100, 민심 +10",-100,-100,10,0,0,"도난사건의 범인을 찾아낸다.","민심-10",0,0,-10,0,0
"자원 채굴 현장에서 생산성이 저하되었습니다.","현장 감독관을 배치한다.","식량-100, 민심+10",0,-100,10,0,0,"인부들의 사기를 진작한다.","식량+100, 민심+5",0,100,5,0,0
"눈폭풍을 대비하기 위해서 쉘터 내 시설의 전반적인 점검이 필요합니다.","모든 시설의 점검을 진행한다.","자원 +200, 민심-5",200,0,-5,0,0,"주요 시설의 점검만을 진행한다.","자원+100, 식량 -100, 민심+5",100,-100,5,0,0
"식량 저장 시설이 부족합니다.","저장 시설을 증축한다.","자원 -150, 식량 +300",-150,300,0,0,0,"임시 저장소를 설치한다.","자원 -100, 식량 +200",-100,200,0,0,0
"자원 상인 집단에게서 눈폭풍 기간을 대비하기 위한 계약이 제안되었습니다.", "대량의 자원을 대가로 주기적인 자원 공급을 계약한다.","자원-400, 매턴 자원+100",-400,0,0,100,0,"대량의 식량을 대가로 주기적인 자원 공급을 계약한다.","식량-400, 매턴 자원+100",0,-400,0,100,0
"식량 상인 집단에게서 눈폭풍 기간을 대비하기 위한 계약이 제안되었습니다.","대량의 자원을 대가로 주기적인 식량 공급을 계약한다.","자원-400, 매턴 식량+100",-400,0,0,0,100,"대량의 식량을 대가로 주기적인 식량 공급을 계약한다.","식량-400, 매턴 식량+100",0,-400,0,0,100
"질병을 치료하기 위한 의료 시설이 부족합니다.","질병을 치료하기 위한 의료 시설을 증설한다.","자원 -300, 식량-300, 민심+10",-300,-300,10,0,0,"질병을 치료하기 위한 의약품을 배급한다.","자원-100, 식량-100, 민심+5",-100,-100,5,0,0
"질병을 예방하기 위한 보건시스템이 필요합니다.","보건 담당 부서를 신설한다.","자원 -200, 민심+10",-200,0,10,0,0,"공중 보건에 대한 부분은 개인에게 맡긴다.","민심- 5",0,0,-5,0,0
"눈폭풍에 대한 걱정으로 인해 주민들이 사기가 떨어지고 있습니다.", "오락 시설을 증설하여 사기를 진작한다.","자원-100, 식량-100, 민심+10",-100,-100,10,0,0,"물자 확보를 위해 사기진작을 포기한다.","민심 -5",0,0,-5,0,0
"기술자들이 난방 시스템 최적화 연구를 제안하였습니다.","연구를 지원한다.","자원 -100, 턴당 자원 +50",-100,0,0,50,0,"연구보다는 물자 확보에 집중한다.","자원+150, 식량+150",150,150,0,0,0
"채취한 자원을 운반하던 도중 사고가 발생하였습니다.","사고를 수습하고 자원 회수팀을 파견한다.","자원+200, 식량-100, 민심-5",200,-100,-5,0,0,"자원을 포기하고, 다른 대책을 마련한다.","자원-100, 민심+10",-100,0,10,0,0
"일부 주민들이 추위를 호소합니다.","난방 시설을 확충한다","자원 -100 민심 +10",-100,0,10,0,0,"이정도 추위는 견뎌라","자원 +100 민심 -10",100,0,-10,0,0
"자원 탐사대가 식인 설인을 목격했다고 당신에게 전달합니다.","사실 관계 확인을 위한 조사팀을 구성한다.","자원 -100 식량 -100 민심 +10",-100,-100,10,0,0,"잘못봤을것이다","민심 -5",0,0,-5,0,0
"일부 인부들이 동상으로 고통받고 있습니다.","의료시설을 확충한다.","자원 -200 민심 +10",-200,0,10,0,0,"미안하지만 견뎌라","민심 -10",0,0,-10,0,0
"굶주린 북극곰 무리들이 쉘터 주변에서 목격되었습니다.","당분간은 탐사를 멈춘다.","자원 -150, 식량 -150, 민심 +10",-150,-150,10,0,0,"사냥팀을 탐사에 동행시킨다.","자원 +100, 식량 +100, 민심 -10",100,100,-10,0,0
"굶주린 늑대 무리들로부터 자원 탐사대원 일부가 공격 받았다고 합니다.","당분간은 탐사를 멈춰야겠어","자원 -300 식량-300",-300,-300,0,0,0,"탐사인원에 사냥팀을 추가해","자원 -200, 식량+300, 민심+10",-200,300,10,0,0
"오염된 식수 섭취로 인한 전염병이 발발하였습니다.","감염자들을 추방한다","민심-10, 턴당자원-50,턴당식량-50",0,0,-10,-50,-50, "격리조치를 시행한다.","자원-200,식량-200",-200,-200,0,0,0
"전염병이 쉘터 주민들 사이에 유행중입니다.","감염자들을 추방한다","민심-10, 턴당자원-50,턴당식량-50",0,0,-10,-50,-50, "격리조치를 시행한다.","자원-200,식량-200",-200,-200,0,0,0
"자원 탐사대가 버려진 군부대를 발견했다고 합니다.","자원을 위주로 탐사를 실시한다.","자원 +300", 300,0,0,0,0,"식량을 우선적으로 탐사를 실시한다","식량 +300",0,300,0,0,0
"모든걸 걸어야만 진정한 도박이죠","럭키!!!","럭키!!!",5000,5000,20,0,0,"도박따위는 하지 않아","도박판에서 떠난다",100,100,10,0,0
"일부 주민들이 불법으로 총기를 소지하고 있습니다.","조사를 통해 총기만 압수한다.","자원 +100 민심 -5",100,0,-5,0,0,"관련자들을 모두 처벌하고 총기를 압수한다.","자원 +200 민심 -10",200,0,-10,0,0
"기술자들이 추워진 날씨에 대비하여 난방온도를 올리자는 의견을 제시합니다.","난방 온도를 올린다.","자원 -200, 민심+10",-200,0,10,0,0,"자원을 아껴야 한다","자원+200, 민심-10",200,0,-10,0,0